{
    "hirelist": [
        {
            "date": "2023-01-15",
            "title": "홍길동 교수<br> 우수연구 선정",
            "content": "홍길동 교수 척추암연구에 크게 기여하여 우수연구로 선정되었다."
        },
        {
            "date": "2022-10-09",
            "title": "이영희 교수<br> 의학 논문 우수상 수상",
            "content": "이영희 교수가 발표한 논문이 국내 의학계에서 인정받아 우수상을 수상하였다."
        },
        {
            "date": "2022-08-02",
            "title": "홍길동 교수<br> 국제학회 초청 연사로 선정",
            "content": "홍길동 교수가 국제학회에서 발표할 연구 논문이 선발되어 초청 연사로 선정되었다."
        },
        {
            "date": "2022-06-14",
            "title": "이영수 교수<br> 미국 의학학회 초청 연구 발표",
            "content": "이영수 교수가 미국 의학학회에서 발표할 연구 논문이 선발되어 초청 연사로 선정되었다."
        },
        {
            "date": "2022-03-29",
            "title": "김미영 간호사<br> 간호 서비스 우수상 수상",
            "content": "김미영 간호사가 높은 서비스 품질을 유지하며 환자에게 인정받아 간호 서비스 우수상을 수상하였다."
        },
        {
            "date": "2022-01-02",
            "title": "이준호 교수<br> 전문서지 발간",
            "content": "이준호 교수가 집필한 전문서지가 출간되어 국내 의료계에서 주목받고 있다."
        }
    ]
}