{
    "noticelist": [
        {
            "date": "2023-01-15",
            "title": "희망 병원 예방접종 안내",
            "content": "병원에서는 코로나19 예방접종 일정을 안내합니다. 상세 내용은 홈페이지에서 확인해주세요."
        },
        {
            "date": "2022-10-09",
            "title": "희망 병원 내과 강의 안내",
            "content": "다음 주 수요일 오후 2시부터 내과 강의를 진행합니다. 관심 있는 분들은 참석해주세요."
        },
        {
            "date": "2022-09-22",
            "title": "희망 병원 영양교육 안내",
            "content": "다가오는 목요일 오후 3시부터 영양교육을 진행합니다. 건강한 식습관을 위해 참석해주세요."
        },
        {
            "date": "2022-08-29",
            "title": "희망 병원 가정의학과 개원",
            "content": "병원 가정의학과가 오픈하였습니다. 가정의학과는 예방을 중심으로 환자들에게 종합적인 진료를 제공합니다."
        },
        {
            "date": "2022-08-02",
            "title": "희망 병원 암 예방 교육 안내",
            "content": "다음 주 토요일 오후 4시부터 암 예방 교육을 진행합니다. 암 예방을 위한 생활습관을 함께 배워봅시다."
        },
        {
            "date": "2022-05-13",
            "title": "희망 병원 신경외과 수술 성공",
            "content": "병원 신경외과에서 진행한 수술이 성공적으로 마무리되었습니다. 환자분의 빠른 회복을 기원합니다."
        }
    ]
}